{"cameraMode":{"drawMode":0,"name":"Shaded","section":"Shading Mode"},"sceneLighting":false,"audioPlay":false,"sceneViewState":{"m_AlwaysRefresh":false,"showFog":true,"showSkybox":true,"showFlares":true,"showImageEffects":true,"showParticleSystems":true,"showVisualEffectGraphs":true,"m_FxEnabled":true},"in2DMode":false,"pivot":{"x":3.3042008876800539,"y":6.621634006500244,"z":-17.439926147460939},"rotation":{"x":0.05965094268321991,"y":-0.03085862100124359,"z":0.0018576208967715502,"w":0.997715175151825},"size":0.9008138179779053,"orthographic":false}